{
	"partitions" : [
		{
			"name" : "Top",
			"pins" : [
				{
					"name" : "guess_num_seg7[0]",
					"strict" : false
				},
				{
					"name" : "guess_num_seg7[1]",
					"strict" : false
				},
				{
					"name" : "guess_num_seg7[2]",
					"strict" : false
				},
				{
					"name" : "guess_num_seg7[3]",
					"strict" : false
				},
				{
					"name" : "guess_num_seg7[4]",
					"strict" : false
				},
				{
					"name" : "guess_num_seg7[5]",
					"strict" : false
				},
				{
					"name" : "guess_num_seg7[6]",
					"strict" : false
				},
				{
					"name" : "cur_level_seg7[0]",
					"strict" : false
				},
				{
					"name" : "cur_level_seg7[1]",
					"strict" : false
				},
				{
					"name" : "cur_level_seg7[2]",
					"strict" : false
				},
				{
					"name" : "cur_level_seg7[3]",
					"strict" : false
				},
				{
					"name" : "cur_level_seg7[4]",
					"strict" : false
				},
				{
					"name" : "cur_level_seg7[5]",
					"strict" : false
				},
				{
					"name" : "cur_level_seg7[6]",
					"strict" : false
				},
				{
					"name" : "letter_loc1_seg7[1]",
					"strict" : false
				},
				{
					"name" : "letter_loc1_seg7[2]",
					"strict" : false
				},
				{
					"name" : "letter_loc1_seg7[3]",
					"strict" : false
				},
				{
					"name" : "letter_loc1_seg7[6]",
					"strict" : false
				},
				{
					"name" : "letter_loc2_seg7[1]",
					"strict" : false
				},
				{
					"name" : "letter_loc2_seg7[2]",
					"strict" : false
				},
				{
					"name" : "letter_loc2_seg7[3]",
					"strict" : false
				},
				{
					"name" : "letter_loc2_seg7[6]",
					"strict" : false
				},
				{
					"name" : "letter_loc3_seg7[1]",
					"strict" : false
				},
				{
					"name" : "letter_loc3_seg7[2]",
					"strict" : false
				},
				{
					"name" : "letter_loc3_seg7[3]",
					"strict" : false
				},
				{
					"name" : "letter_loc3_seg7[6]",
					"strict" : false
				},
				{
					"name" : "letter_loc4_seg7[1]",
					"strict" : false
				},
				{
					"name" : "letter_loc4_seg7[2]",
					"strict" : false
				},
				{
					"name" : "letter_loc4_seg7[3]",
					"strict" : false
				},
				{
					"name" : "letter_loc4_seg7[6]",
					"strict" : false
				},
				{
					"name" : "letter_loc5_seg7[1]",
					"strict" : false
				},
				{
					"name" : "letter_loc5_seg7[2]",
					"strict" : false
				},
				{
					"name" : "letter_loc5_seg7[3]",
					"strict" : false
				},
				{
					"name" : "letter_loc5_seg7[6]",
					"strict" : false
				},
				{
					"name" : "VGA_R[0]",
					"strict" : false
				},
				{
					"name" : "VGA_R[1]",
					"strict" : false
				},
				{
					"name" : "VGA_R[2]",
					"strict" : false
				},
				{
					"name" : "VGA_R[3]",
					"strict" : false
				},
				{
					"name" : "VGA_R[4]",
					"strict" : false
				},
				{
					"name" : "VGA_R[5]",
					"strict" : false
				},
				{
					"name" : "VGA_R[6]",
					"strict" : false
				},
				{
					"name" : "VGA_R[7]",
					"strict" : false
				},
				{
					"name" : "VGA_R[8]",
					"strict" : false
				},
				{
					"name" : "VGA_R[9]",
					"strict" : false
				},
				{
					"name" : "VGA_G[0]",
					"strict" : false
				},
				{
					"name" : "VGA_G[1]",
					"strict" : false
				},
				{
					"name" : "VGA_G[2]",
					"strict" : false
				},
				{
					"name" : "VGA_G[3]",
					"strict" : false
				},
				{
					"name" : "VGA_G[4]",
					"strict" : false
				},
				{
					"name" : "VGA_G[5]",
					"strict" : false
				},
				{
					"name" : "VGA_G[6]",
					"strict" : false
				},
				{
					"name" : "VGA_G[7]",
					"strict" : false
				},
				{
					"name" : "VGA_G[8]",
					"strict" : false
				},
				{
					"name" : "VGA_G[9]",
					"strict" : false
				},
				{
					"name" : "VGA_B[0]",
					"strict" : false
				},
				{
					"name" : "VGA_B[1]",
					"strict" : false
				},
				{
					"name" : "VGA_B[2]",
					"strict" : false
				},
				{
					"name" : "VGA_B[3]",
					"strict" : false
				},
				{
					"name" : "VGA_B[4]",
					"strict" : false
				},
				{
					"name" : "VGA_B[5]",
					"strict" : false
				},
				{
					"name" : "VGA_B[6]",
					"strict" : false
				},
				{
					"name" : "VGA_B[7]",
					"strict" : false
				},
				{
					"name" : "VGA_B[8]",
					"strict" : false
				},
				{
					"name" : "VGA_B[9]",
					"strict" : false
				},
				{
					"name" : "VGA_HS",
					"strict" : false
				},
				{
					"name" : "VGA_VS",
					"strict" : false
				},
				{
					"name" : "VGA_BLANK",
					"strict" : false
				},
				{
					"name" : "button",
					"strict" : false
				},
				{
					"name" : "clk",
					"strict" : false
				},
				{
					"name" : "rst",
					"strict" : false
				},
				{
					"name" : "guess[3]",
					"strict" : false
				},
				{
					"name" : "guess[2]",
					"strict" : false
				},
				{
					"name" : "guess[1]",
					"strict" : false
				},
				{
					"name" : "guess[4]",
					"strict" : false
				},
				{
					"name" : "guess[0]",
					"strict" : false
				}
			]
		}
	]
}